name,label
car/00000038.jpg,car
car/00000010.jpg,car
car/00000004.jpg,car
car/00000005.jpg,car
car/00000011.jpg,car
car/00000007.jpg,car
car/00000013.jpg,car
car/00000012.png,car
car/00000002.jpg,car
car/00000016.png,car
car/00000017.jpg,car
car/00000003.jpg,car
car/00000015.jpg,car
car/00000036.jpeg,car
car/00000073.jpg,car
car/00000067.jpg,car
car/00000098.jpg,car
car/00000066.jpg,car
car/00000072.jpg,car
car/00000058.jpg,car
car/00000064.jpg,car
car/00000070.jpg,car
car/00000065.jpg,car
car/00000059.jpg,car
car/00000061.jpg,car
car/00000075.jpg,car
car/00000049.jpg,car
car/00000048.jpg,car
car/00000074.jpg,car
car/00000060.jpg,car
car/00000076.jpg,car
car/00000062.jpg,car
car/00000089.jpg,car
car/00000088.jpg,car
car/00000063.jpg,car
car/00000077.jpg,car
car/00000046.jpg,car
car/00000091.jpg,car
car/00000085.jpg,car
car/00000084.jpg,car
car/00000047.jpg,car
car/00000053.jpg,car
car/00000079.jpg,car
car/00000045.jpg,car
car/00000051.jpg,car
car/00000086.jpg,car
car/00000092.jpg,car
car/00000093.jpg,car
car/00000087.jpg,car
car/00000050.jpg,car
car/00000078.jpg,car
car/00000054.jpg,car
car/00000068.JPG,car
car/00000083.jpg,car
car/00000041.jpg,car
car/00000043.jpg,car
car/00000094.jpg,car
car/00000080.jpg,car
car/00000081.jpg,car
car/00000042.jpg,car
car/00000019.jpg,car
car/00000031.png,car
car/00000018.png,car
car/00000024.jpg,car
car/00000030.jpg,car
car/00000032.jpg,car
car/00000026.png,car
car/00000027.jpg,car
car/00000037.jpg,car
car/00000022.jpg,car
car/00000034.jpg,car
car/00000008.jpg,car
car/00000009.jpg,car
car/00000021.jpg,car
car/00000035.jpg,car
jaguar/00000038.jpg,jaguar
jaguar/00000010.jpg,jaguar
jaguar/00000004.jpg,jaguar
jaguar/00000011.jpg,jaguar
jaguar/00000039.jpg,jaguar
jaguar/00000021.jpeg,jaguar
jaguar/00000007.jpg,jaguar
jaguar/00000013.jpg,jaguar
jaguar/00000012.jpg,jaguar
jaguar/00000006.jpg,jaguar
jaguar/00000002.jpg,jaguar
jaguar/00000016.jpg,jaguar
jaguar/00000017.jpg,jaguar
jaguar/00000003.jpg,jaguar
jaguar/00000015.jpg,jaguar
jaguar/00000050.jpeg,jaguar
jaguar/00000073.jpg,jaguar
jaguar/00000098.jpg,jaguar
jaguar/00000099.jpg,jaguar
jaguar/00000066.jpg,jaguar
jaguar/00000072.jpg,jaguar
jaguar/00000064.jpg,jaguar
jaguar/00000070.jpg,jaguar
jaguar/00000071.jpg,jaguar
jaguar/00000065.jpg,jaguar
jaguar/00000059.jpg,jaguar
jaguar/00000061.jpg,jaguar
jaguar/00000075.jpg,jaguar
jaguar/00000049.jpg,jaguar
jaguar/00000074.png,jaguar
jaguar/00000048.jpg,jaguar
jaguar/00000076.jpg,jaguar
jaguar/00000062.jpg,jaguar
jaguar/00000088.jpg,jaguar
jaguar/00000063.jpg,jaguar
jaguar/00000077.jpg,jaguar
jaguar/00000052.jpg,jaguar
jaguar/00000084.jpg,jaguar
jaguar/00000047.jpg,jaguar
jaguar/00000053.jpg,jaguar
jaguar/00000079.jpg,jaguar
jaguar/00000045.jpg,jaguar
jaguar/00000051.jpg,jaguar
jaguar/00000086.jpg,jaguar
jaguar/00000092.jpg,jaguar
jaguar/00000044.jpg,jaguar
jaguar/00000078.jpg,jaguar
jaguar/00000054.jpg,jaguar
jaguar/00000083.png,jaguar
jaguar/00000040.png,jaguar
jaguar/00000096.jpg,jaguar
jaguar/00000082.jpg,jaguar
jaguar/00000069.jpg,jaguar
jaguar/00000055.jpg,jaguar
jaguar/00000043.jpg,jaguar
jaguar/00000080.jpg,jaguar
jaguar/00000057.png,jaguar
jaguar/00000095.jpg,jaguar
jaguar/00000031.jpg,jaguar
jaguar/00000025.jpg,jaguar
jaguar/00000018.png,jaguar
jaguar/00000024.jpg,jaguar
jaguar/00000030.JPG,jaguar
jaguar/00000026.jpg,jaguar
jaguar/00000032.jpg,jaguar
jaguar/00000042.jpeg,jaguar
jaguar/00000033.jpg,jaguar
jaguar/00000027.jpg,jaguar
jaguar/00000023.jpg,jaguar
jaguar/00000037.jpg,jaguar
jaguar/00000036.jpg,jaguar
jaguar/00000022.jpg,jaguar
jaguar/00000034.jpg,jaguar
jaguar/00000020.jpg,jaguar
jaguar/00000008.JPG,jaguar
jaguar/00000035.jpg,jaguar
